participant_ID,block,correct_val_IR,wrong_IR,missed_val,threshold,is_valid,fully_excluded
232,1,10,7,0,3.5,True,False
232,2,10,6,0,3.0,True,False
232,3,10,3,0,1.5,True,False
235,1,10,13,0,6.5,True,False
235,2,10,5,0,2.5,True,False
235,3,9,4,1,3.0,True,False
236,1,10,7,0,3.5,True,False
236,2,10,6,0,3.0,True,False
236,3,10,2,0,1.0,True,False
241,1,10,8,0,4.0,True,False
241,2,10,9,0,4.5,True,False
241,3,9,7,1,4.5,True,False
242,1,10,2,0,1.0,True,False
242,2,8,1,2,2.5,True,False
242,3,9,0,1,1.0,True,False
243,1,10,4,0,2.0,True,False
243,2,10,3,0,1.5,True,False
243,3,10,0,0,0.0,True,False
245,1,7,10,3,8.0,False,False
245,2,7,5,3,5.5,True,False
245,3,7,4,3,5.0,True,False
246,1,9,3,1,2.5,True,False
246,2,10,2,0,1.0,True,False
246,3,8,2,2,3.0,True,False
247,1,10,3,0,1.5,True,False
247,2,9,0,1,1.0,True,False
247,3,7,1,3,3.5,True,False
249,1,10,13,0,6.5,True,False
249,2,10,8,0,4.0,True,False
249,3,9,5,1,3.5,True,False
251,1,10,11,0,5.5,True,False
251,2,10,18,0,9.0,True,False
251,3,10,15,0,7.5,True,False
252,1,10,7,0,3.5,True,False
252,2,10,2,0,1.0,True,False
252,3,10,1,0,0.5,True,False
253,1,10,3,0,1.5,True,False
253,2,10,5,0,2.5,True,False
253,3,10,7,0,3.5,True,False
254,1,10,16,0,8.0,True,False
254,2,10,12,0,6.0,True,False
254,3,8,4,2,4.0,True,False
256,1,10,14,0,7.0,True,False
256,2,10,3,0,1.5,True,False
256,3,8,3,2,3.5,True,False
257,1,10,8,0,4.0,True,False
257,2,7,4,3,5.0,True,False
257,3,9,2,1,2.0,True,False
258,1,7,8,3,7.0,False,False
258,2,9,0,1,1.0,True,False
258,3,8,0,2,2.0,True,False
259,1,10,14,0,7.0,True,False
259,2,10,8,0,4.0,True,False
259,3,10,7,0,3.5,True,False
260,1,9,5,1,3.5,True,False
260,2,9,2,1,2.0,True,False
260,3,10,1,0,0.5,True,False
261,1,10,15,0,7.5,True,False
261,2,10,4,0,2.0,True,False
261,3,8,7,2,5.5,True,False
262,1,9,4,1,3.0,True,False
262,2,8,2,2,3.0,True,False
262,3,10,0,0,0.0,True,False
263,1,10,8,0,4.0,True,False
263,2,9,7,1,4.5,True,False
263,3,9,2,1,2.0,True,False
264,1,10,8,0,4.0,True,False
264,2,10,4,0,2.0,True,False
264,3,10,2,0,1.0,True,False
266,1,10,8,0,4.0,True,False
266,2,10,2,0,1.0,True,False
266,3,10,3,0,1.5,True,False
267,1,10,13,0,6.5,True,False
267,2,10,5,0,2.5,True,False
267,3,10,4,0,2.0,True,False
269,1,10,3,0,1.5,True,False
269,2,9,2,1,2.0,True,False
269,3,10,0,0,0.0,True,False
270,1,6,1,4,4.5,True,False
270,2,9,0,1,1.0,True,False
270,3,9,0,1,1.0,True,False
271,1,10,25,0,12.5,False,True
271,2,10,21,0,10.5,False,True
271,3,10,27,0,13.5,False,True
273,1,9,2,1,2.0,True,False
273,2,10,1,0,0.5,True,False
273,3,8,3,2,3.5,True,False
276,1,9,8,1,5.0,True,False
276,2,10,4,0,2.0,True,False
276,3,10,1,0,0.5,True,False
277,1,10,15,0,7.5,True,False
277,2,10,7,0,3.5,True,False
277,3,10,3,0,1.5,True,False
279,1,10,5,0,2.5,True,False
279,2,10,4,0,2.0,True,False
279,3,10,1,0,0.5,True,False
280,1,9,6,1,4.0,True,False
280,2,8,3,2,3.5,True,False
280,3,10,2,0,1.0,True,False
281,1,10,16,0,8.0,True,False
281,2,10,16,0,8.0,True,False
281,3,9,14,1,8.0,True,False
282,1,10,15,0,7.5,True,False
282,2,10,6,0,3.0,True,False
282,3,10,5,0,2.5,True,False
283,1,7,3,3,4.5,True,False
283,2,9,0,1,1.0,True,False
283,3,9,3,1,2.5,True,False
285,1,10,2,0,1.0,True,False
285,2,10,2,0,1.0,True,False
285,3,10,2,0,1.0,True,False
286,1,10,9,0,4.5,True,False
286,2,9,2,1,2.0,True,False
286,3,10,2,0,1.0,True,False
289,1,10,3,0,1.5,True,False
289,2,10,7,0,3.5,True,False
289,3,10,5,0,2.5,True,False
290,1,10,5,0,2.5,True,False
290,2,10,4,0,2.0,True,False
290,3,9,1,1,1.5,True,False
292,1,10,18,0,9.0,True,False
292,2,10,17,0,8.5,True,False
292,3,9,8,1,5.0,True,False
293,1,10,4,0,2.0,True,False
293,2,10,3,0,1.5,True,False
293,3,10,2,0,1.0,True,False
294,1,9,18,1,10.0,False,False
294,2,10,17,0,8.5,True,False
294,3,10,2,0,1.0,True,False
295,1,10,2,0,1.0,True,False
295,2,10,3,0,1.5,True,False
295,3,10,0,0,0.0,True,False
296,1,10,9,0,4.5,True,False
296,2,9,2,1,2.0,True,False
296,3,9,2,1,2.0,True,False
297,1,10,9,0,4.5,True,False
297,2,10,20,0,10.0,False,False
297,3,10,13,0,6.5,True,False
298,1,10,5,0,2.5,True,False
298,2,9,3,1,2.5,True,False
298,3,7,2,3,4.0,True,False
299,1,7,9,3,7.5,False,True
299,2,3,9,7,11.5,False,True
299,3,3,2,7,8.0,False,True
302,1,10,9,0,4.5,True,False
302,2,10,7,0,3.5,True,False
302,3,8,6,2,5.0,True,False
303,1,10,4,0,2.0,True,False
303,2,9,1,1,1.5,True,False
303,3,9,1,1,1.5,True,False
304,1,10,5,0,2.5,True,False
304,2,10,9,0,4.5,True,False
304,3,8,7,2,5.5,True,False
305,1,10,9,0,4.5,True,False
305,2,10,2,0,1.0,True,False
305,3,10,5,0,2.5,True,False
307,1,10,14,0,7.0,True,False
307,2,10,2,0,1.0,True,False
307,3,10,5,0,2.5,True,False
308,1,10,15,0,7.5,True,False
308,2,10,10,0,5.0,True,False
308,3,10,9,0,4.5,True,False
309,1,9,3,1,2.5,True,False
309,2,6,0,4,4.0,True,False
309,3,6,2,4,5.0,True,False
310,1,9,6,1,4.0,True,False
310,2,8,4,2,4.0,True,False
310,3,9,1,1,1.5,True,False
311,1,10,10,0,5.0,True,False
311,2,10,4,0,2.0,True,False
311,3,10,1,0,0.5,True,False
312,1,10,5,0,2.5,True,False
312,2,9,5,1,3.5,True,False
312,3,10,8,0,4.0,True,False
313,1,10,15,0,7.5,True,False
313,2,10,17,0,8.5,True,False
313,3,10,16,0,8.0,True,False
314,1,10,10,0,5.0,True,False
314,2,10,3,0,1.5,True,False
314,3,9,3,1,2.5,True,False
316,1,10,8,0,4.0,True,False
316,2,10,3,0,1.5,True,False
316,3,10,7,0,3.5,True,False
317,1,9,13,1,7.5,True,False
317,2,10,8,0,4.0,True,False
317,3,8,6,2,5.0,True,False
318,1,10,10,0,5.0,True,False
318,2,10,3,0,1.5,True,False
318,3,10,2,0,1.0,True,False
322,1,9,9,1,5.5,True,False
322,2,10,11,0,5.5,True,False
322,3,8,6,2,5.0,True,False
323,1,10,7,0,3.5,True,False
323,2,10,0,0,0.0,True,False
323,3,10,0,0,0.0,True,False
325,1,10,8,0,4.0,True,False
325,2,9,4,1,3.0,True,False
325,3,9,1,1,1.5,True,False
326,1,10,6,0,3.0,True,False
326,2,9,6,1,4.0,True,False
326,3,10,4,0,2.0,True,False
327,1,10,10,0,5.0,True,False
327,2,10,2,0,1.0,True,False
327,3,10,0,0,0.0,True,False
328,1,10,11,0,5.5,True,False
328,2,10,4,0,2.0,True,False
328,3,9,1,1,1.5,True,False
329,1,9,5,1,3.5,True,False
329,2,10,5,0,2.5,True,False
329,3,9,1,1,1.5,True,False
330,1,10,16,0,8.0,True,False
330,2,9,9,1,5.5,True,False
330,3,9,1,1,1.5,True,False
331,1,10,5,0,2.5,True,False
331,2,8,1,2,2.5,True,False
331,3,9,1,1,1.5,True,False
333,1,10,7,0,3.5,True,False
333,2,10,18,0,9.0,True,False
333,3,10,18,0,9.0,True,False
339,1,10,12,0,6.0,True,False
339,2,10,13,0,6.5,True,False
339,3,10,13,0,6.5,True,False
340,1,10,7,0,3.5,True,False
340,2,10,1,0,0.5,True,False
340,3,10,0,0,0.0,True,False
342,1,10,17,0,8.5,True,False
342,2,10,16,0,8.0,True,False
342,3,10,12,0,6.0,True,False
343,1,10,12,0,6.0,True,False
343,2,10,16,0,8.0,True,False
343,3,10,5,0,2.5,True,False
344,1,10,5,0,2.5,True,False
344,2,10,2,0,1.0,True,False
344,3,10,1,0,0.5,True,False
346,1,9,15,1,8.5,True,False
346,2,9,18,1,10.0,False,False
346,3,9,13,1,7.5,True,False
350,1,10,5,0,2.5,True,False
350,2,10,0,0,0.0,True,False
350,3,10,4,0,2.0,True,False
351,1,10,10,0,5.0,True,False
351,2,10,8,0,4.0,True,False
351,3,10,7,0,3.5,True,False
354,1,10,7,0,3.5,True,False
354,2,9,2,1,2.0,True,False
354,3,9,1,1,1.5,True,False
355,1,10,3,0,1.5,True,False
355,2,10,1,0,0.5,True,False
355,3,10,4,0,2.0,True,False
356,1,10,8,0,4.0,True,False
356,2,9,2,1,2.0,True,False
356,3,10,4,0,2.0,True,False
361,1,10,5,0,2.5,True,False
361,2,10,5,0,2.5,True,False
361,3,10,1,0,0.5,True,False
362,1,9,8,1,5.0,True,False
362,2,8,1,2,2.5,True,False
362,3,9,3,1,2.5,True,False
363,1,10,11,0,5.5,True,False
363,2,9,7,1,4.5,True,False
363,3,10,1,0,0.5,True,False
364,1,8,1,2,2.5,True,False
364,2,8,3,2,3.5,True,False
364,3,10,1,0,0.5,True,False
366,1,9,13,1,7.5,True,False
366,2,10,9,0,4.5,True,False
366,3,9,4,1,3.0,True,False
367,1,10,18,0,9.0,True,False
367,2,10,20,0,10.0,False,False
367,3,10,13,0,6.5,True,False
368,1,10,2,0,1.0,True,False
368,2,10,3,0,1.5,True,False
368,3,10,1,0,0.5,True,False
369,1,10,10,0,5.0,True,False
369,2,9,3,1,2.5,True,False
369,3,6,1,4,4.5,True,False
370,1,10,11,0,5.5,True,False
370,2,8,7,2,5.5,True,False
370,3,10,3,0,1.5,True,False
371,1,8,3,2,3.5,True,False
371,2,9,4,1,3.0,True,False
371,3,8,3,2,3.5,True,False
372,1,10,6,0,3.0,True,False
372,2,7,2,3,4.0,True,False
372,3,10,1,0,0.5,True,False
373,1,10,20,0,10.0,False,False
373,2,10,17,0,8.5,True,False
373,3,10,11,0,5.5,True,False
374,1,8,7,2,5.5,True,False
374,2,10,11,0,5.5,True,False
374,3,9,3,1,2.5,True,False
375,1,10,6,0,3.0,True,False
375,2,10,2,0,1.0,True,False
375,3,10,1,0,0.5,True,False
377,1,10,11,0,5.5,True,False
377,2,9,9,1,5.5,True,False
377,3,9,6,1,4.0,True,False
378,1,9,9,1,5.5,True,False
378,2,10,2,0,1.0,True,False
378,3,10,0,0,0.0,True,False
379,1,9,8,1,5.0,True,False
379,2,9,4,1,3.0,True,False
379,3,9,1,1,1.5,True,False
380,1,8,5,2,4.5,True,False
380,2,9,1,1,1.5,True,False
380,3,10,2,0,1.0,True,False
381,1,10,15,0,7.5,True,False
381,2,10,12,0,6.0,True,False
381,3,10,8,0,4.0,True,False
382,1,10,6,0,3.0,True,False
382,2,9,4,1,3.0,True,False
382,3,10,3,0,1.5,True,False
383,1,10,13,0,6.5,True,False
383,2,10,6,0,3.0,True,False
383,3,10,5,0,2.5,True,False
384,1,10,8,0,4.0,True,False
384,2,10,1,0,0.5,True,False
384,3,9,0,1,1.0,True,False
386,1,8,3,2,3.5,True,False
386,2,9,1,1,1.5,True,False
386,3,9,3,1,2.5,True,False
390,1,9,7,1,4.5,True,False
390,2,10,2,0,1.0,True,False
390,3,8,7,2,5.5,True,False
391,1,10,7,0,3.5,True,False
391,2,10,4,0,2.0,True,False
391,3,10,0,0,0.0,True,False
392,1,10,14,0,7.0,True,False
392,2,9,8,1,5.0,True,False
392,3,10,4,0,2.0,True,False
395,1,10,8,0,4.0,True,False
395,2,8,4,2,4.0,True,False
395,3,10,1,0,0.5,True,False
396,1,10,3,0,1.5,True,False
396,2,10,2,0,1.0,True,False
396,3,10,1,0,0.5,True,False
397,1,10,4,0,2.0,True,False
397,2,10,2,0,1.0,True,False
397,3,10,0,0,0.0,True,False
398,1,9,10,1,6.0,True,False
398,2,8,5,2,4.5,True,False
398,3,10,1,0,0.5,True,False
