participant_ID,cr_ir_HVL_A,cr_ir_HVL_P,cr_ir_LVH_A,cr_ir_LVH_P,cr_ir_LVL_A,cr_ir_LVL_P,fa_rate_HVL_A,fa_rate_HVL_P,fa_rate_LVH_A,fa_rate_LVH_P,fa_rate_LVL_A,fa_rate_LVL_P,hit_rate_ir_HVL_A,hit_rate_ir_HVL_P,hit_rate_ir_LVH_A,hit_rate_ir_LVH_P,hit_rate_ir_LVL_A,hit_rate_ir_LVL_P,hit_rate_wr_HVL_A,hit_rate_wr_HVL_P,hit_rate_wr_LVH_A,hit_rate_wr_LVH_P,hit_rate_wr_LVL_A,hit_rate_wr_LVL_P,mean_rt_ir_clean_HVL_A,mean_rt_ir_clean_HVL_P,mean_rt_ir_clean_LVH_A,mean_rt_ir_clean_LVH_P,mean_rt_ir_clean_LVL_A,mean_rt_ir_clean_LVL_P,mean_rt_wr_clean_HVL_A,mean_rt_wr_clean_HVL_P,mean_rt_wr_clean_LVH_A,mean_rt_wr_clean_LVH_P,mean_rt_wr_clean_LVL_A,mean_rt_wr_clean_LVL_P,median_rt_ir_clean_HVL_A,median_rt_ir_clean_HVL_P,median_rt_ir_clean_LVH_A,median_rt_ir_clean_LVH_P,median_rt_ir_clean_LVL_A,median_rt_ir_clean_LVL_P
232,0.3333333333333333,0.3333333333333333,0.3333333333333333,0.3125,0.3333333333333333,0.3333333333333333,0.0,0.0,0.0,0.0,0.0,0.0,0.3333333333333333,0.3333333333333333,0.3333333333333333,0.3125,0.3333333333333333,0.3333333333333333,0.8333333333333334,0.5,0.8333333333333334,0.8,1.0,0.6666666666666666,855.6666666666666,981.0,868.6666666666666,896.4,901.6666666666666,973.0,1614.1666666666667,12341.5,1188.5,1009.2,1524.6666666666667,1109.6666666666667,800.0,1042.5,873.0,894.0,907.5,851.0
235,0.2857142857142857,0.3333333333333333,0.2857142857142857,0.2857142857142857,0.3125,0.2,0.0,0.0,0.0,0.0,0.0,0.0,0.2857142857142857,0.3333333333333333,0.2857142857142857,0.2857142857142857,0.3125,0.2,0.75,0.5,1.0,0.5,0.8,1.0,1298.75,1174.6666666666667,1293.75,1633.25,1839.2,1321.0,1880.0,1972.6666666666667,374.0,2416.75,757.0,1289.5,1065.5,1150.0,1296.0,1501.5,1759.0,1321.0
236,0.3125,0.3333333333333333,0.3125,0.3333333333333333,0.3333333333333333,0.3333333333333333,0.0,0.0,0.0,0.0,0.0,0.0,0.3125,0.3333333333333333,0.3125,0.3333333333333333,0.3333333333333333,0.3333333333333333,0.8,0.6666666666666666,0.4,0.6666666666666666,0.6666666666666666,0.8333333333333334,1424.8,1688.0,1680.8,1965.8333333333333,2142.1666666666665,2038.5,756.6,299.5,1088.8,1156.1666666666667,433.3333333333333,948.1666666666666,1463.0,1501.0,1763.0,1705.5,2061.5,2028.0
241,0.3125,0.3333333333333333,0.2857142857142857,0.16666666666666666,0.3125,0.16666666666666666,0.0,0.0,0.0,0.16666666666666666,0.0,0.16666666666666666,0.3125,0.3333333333333333,0.2857142857142857,0.3333333333333333,0.3125,0.3333333333333333,0.6,0.5,0.75,0.8333333333333334,0.2,0.3333333333333333,1574.6,1651.0,1963.0,1698.3333333333333,1811.0,1624.3333333333333,917.2,737.8333333333334,1047.25,1072.3333333333333,355.2,1324.5,1363.0,1426.0,1801.5,1360.0,1502.0,1680.0
242,0.3125,0.3333333333333333,0.3333333333333333,0.3125,0.25,0.11904761904761904,0.0,0.0,0.0,0.0,0.0,0.16666666666666666,0.3125,0.3333333333333333,0.3333333333333333,0.3125,0.25,0.2857142857142857,0.8,0.8333333333333334,1.0,0.8,0.6666666666666666,0.5,1512.0,1635.5,1578.1666666666667,1667.8,1366.3333333333333,2136.5,710.4,1024.6666666666667,1092.8333333333333,434.4,544.3333333333334,1173.25,1588.0,1627.0,1481.5,1556.0,1368.0,1836.5
243,0.3333333333333333,0.3333333333333333,0.3125,0.3333333333333333,0.3125,0.3333333333333333,0.0,0.0,0.0,0.0,0.0,0.0,0.3333333333333333,0.3333333333333333,0.3125,0.3333333333333333,0.3125,0.3333333333333333,1.0,0.8333333333333334,1.0,1.0,1.0,1.0,2357.8333333333335,2501.6666666666665,2005.8,2095.6666666666665,2073.2,2333.5,1066.8333333333333,1498.6666666666667,375.2,593.6666666666666,464.4,697.6666666666666,2271.5,2793.0,1807.0,2109.5,1677.0,2034.0
245,0.25,0.16666666666666666,0.25,0.16666666666666666,0.0,0.16666666666666666,0.0,0.0,0.0,0.0,0.0,0.0,0.25,0.16666666666666666,0.25,0.16666666666666666,0.0,0.16666666666666666,1.0,0.0,0.5,0.0,,0.0,1206.5,3834.0,1690.5,1415.0,,2128.0,781.0,915.0,708.5,1014.0,,98.0,1206.5,3834.0,1690.5,1415.0,,2128.0
246,0.08333333333333334,0.25,0.25,0.2,0.25,0.25,0.16666666666666666,0.0,0.0,0.0,0.0,0.0,0.25,0.25,0.25,0.2,0.25,0.25,1.0,0.6666666666666666,0.3333333333333333,1.0,1.0,0.6666666666666666,1971.0,2017.3333333333333,1911.3333333333333,1798.5,1317.3333333333333,1913.3333333333333,904.0,2280.6666666666665,1782.0,500.0,3037.6666666666665,312.0,2017.0,1960.0,1961.0,1798.5,1315.0,1989.0
247,0.3125,0.2857142857142857,0.3333333333333333,0.3333333333333333,0.3125,0.3125,0.0,0.0,0.0,0.0,0.0,0.0,0.3125,0.2857142857142857,0.3333333333333333,0.3333333333333333,0.3125,0.3125,0.8,0.75,0.8333333333333334,0.8333333333333334,1.0,0.6,1637.4,1830.25,1817.8333333333333,1711.3333333333333,1987.8,2019.0,1109.2,1708.25,2267.8333333333335,900.6666666666666,954.2,2393.0,1493.0,1962.0,1816.5,1822.0,1771.0,1772.0
249,0.25,0.16666666666666666,0.14583333333333334,0.3125,0.11904761904761904,0.25,0.0,0.16666666666666666,0.16666666666666666,0.0,0.16666666666666666,0.0,0.25,0.3333333333333333,0.3125,0.3125,0.2857142857142857,0.25,1.0,0.8333333333333334,0.8,0.8,1.0,1.0,1333.6666666666667,1496.3333333333333,1209.0,1636.4,1505.5,1359.0,1583.3333333333333,745.8333333333334,696.0,1628.6,1117.0,1332.0,1425.0,1478.5,1319.0,1709.0,1492.0,1331.0
251,0.3333333333333333,0.16666666666666666,0.3333333333333333,0.3125,0.0,0.3333333333333333,0.0,0.16666666666666666,0.0,0.0,0.3333333333333333,0.0,0.3333333333333333,0.3333333333333333,0.3333333333333333,0.3125,0.3333333333333333,0.3333333333333333,1.0,0.8333333333333334,0.6666666666666666,0.8,1.0,0.8333333333333334,1885.5,1653.5,1775.0,2068.8,2061.0,1905.8333333333333,1487.1666666666667,1146.1666666666667,811.6666666666666,684.2,979.8333333333334,805.3333333333334,1943.0,1602.0,1722.5,1993.0,1840.5,1709.0
252,0.3125,0.3333333333333333,0.3333333333333333,0.3333333333333333,0.3333333333333333,0.2857142857142857,0.0,0.0,0.0,0.0,0.0,0.0,0.3125,0.3333333333333333,0.3333333333333333,0.3333333333333333,0.3333333333333333,0.2857142857142857,1.0,0.5,0.6666666666666666,0.6666666666666666,0.6666666666666666,1.0,1204.2,1486.6666666666667,1262.1666666666667,1471.1666666666667,1549.3333333333333,1566.75,884.0,1450.0,644.5,1554.6666666666667,837.6666666666666,1843.5,1066.0,1479.5,1226.5,1423.0,1598.5,1447.0
253,0.16666666666666666,0.3333333333333333,0.3333333333333333,0.3333333333333333,0.3333333333333333,0.16666666666666666,0.16666666666666666,0.0,0.0,0.0,0.0,0.16666666666666666,0.3333333333333333,0.3333333333333333,0.3333333333333333,0.3333333333333333,0.3333333333333333,0.3333333333333333,0.8333333333333334,0.5,0.5,0.6666666666666666,0.6666666666666666,0.16666666666666666,1229.3333333333333,1450.8333333333333,2170.8333333333335,1365.8333333333333,1578.1666666666667,1704.3333333333333,501.0,703.8333333333334,1004.1666666666666,852.5,279.0,648.6666666666666,1200.5,1314.0,2266.5,1196.0,1648.0,1313.5
254,0.0,0.3125,0.2857142857142857,0.3125,0.3125,0.3125,0.3333333333333333,0.0,0.0,0.0,0.0,0.0,0.3333333333333333,0.3125,0.2857142857142857,0.3125,0.3125,0.3125,0.8333333333333334,0.8,1.0,0.8,1.0,0.6,2098.6666666666665,2388.4,2129.0,2085.6,2048.4,2355.0,358.1666666666667,628.0,288.75,1457.6,305.8,345.2,2078.5,2369.0,2155.0,2129.0,1912.0,1782.0
256,0.3333333333333333,0.3333333333333333,0.3333333333333333,0.3333333333333333,0.3125,0.11904761904761904,0.0,0.0,0.0,0.0,0.0,0.16666666666666666,0.3333333333333333,0.3333333333333333,0.3333333333333333,0.3333333333333333,0.3125,0.2857142857142857,0.8333333333333334,0.6666666666666666,0.6666666666666666,0.8333333333333334,0.6,0.75,2364.0,2813.1666666666665,2225.6666666666665,2006.1666666666667,2447.6,2142.0,1248.3333333333333,1437.0,1014.3333333333334,392.6666666666667,1272.8,1334.0,2276.5,3211.0,2273.5,1795.5,2047.0,1943.5
257,0.25,0.2,0.2857142857142857,0.2,0.3333333333333333,0.2857142857142857,0.0,0.0,0.0,0.0,0.0,0.0,0.25,0.2,0.2857142857142857,0.2,0.3333333333333333,0.2857142857142857,0.6666666666666666,0.5,0.75,0.5,0.5,0.75,1688.3333333333333,1950.5,1898.75,1915.0,2255.6666666666665,2615.75,162.33333333333334,619.0,92.0,137.5,164.83333333333334,113.0,1497.0,1950.5,1563.5,1915.0,2061.0,2691.5
258,0.3,0.3333333333333333,0.3,0.3,0.3333333333333333,0.3333333333333333,0.0,0.0,0.0,0.0,0.0,0.0,0.3,0.3333333333333333,0.3,0.3,0.3333333333333333,0.3333333333333333,1.0,0.75,1.0,1.0,1.0,0.25,2524.3333333333335,1842.5,2654.6666666666665,2301.0,1943.0,2118.25,481.6666666666667,300.75,412.6666666666667,844.6666666666666,325.75,975.25,2561.0,1773.5,2248.0,1770.0,1806.0,2218.5
259,0.3125,0.14583333333333334,0.3125,0.2857142857142857,0.3125,0.3125,0.0,0.16666666666666666,0.0,0.0,0.0,0.0,0.3125,0.3125,0.3125,0.2857142857142857,0.3125,0.3125,0.6,0.6,0.8,0.75,0.8,0.4,1941.4,1476.6,1439.8,2046.0,1838.2,1696.0,1513.0,925.8,1365.0,1473.0,1820.8,2549.4,1997.0,1324.0,1445.0,1534.0,1371.0,1526.0
260,0.3125,0.3333333333333333,0.3125,0.3125,0.3125,0.11904761904761904,0.0,0.0,0.0,0.0,0.0,0.16666666666666666,0.3125,0.3333333333333333,0.3125,0.3125,0.3125,0.2857142857142857,0.8,0.6666666666666666,0.8,1.0,0.8,0.75,1638.6,1663.0,1766.8,1635.2,2296.0,2044.0,1935.4,1282.3333333333333,509.2,483.2,564.6,501.75,1481.0,1483.0,1721.0,1714.0,2118.0,2117.0
261,0.3333333333333333,0.16666666666666666,0.3333333333333333,0.3333333333333333,0.3333333333333333,0.3333333333333333,0.0,0.16666666666666666,0.0,0.0,0.0,0.0,0.3333333333333333,0.3333333333333333,0.3333333333333333,0.3333333333333333,0.3333333333333333,0.3333333333333333,0.8333333333333334,0.8333333333333334,1.0,1.0,0.6666666666666666,0.8333333333333334,1429.3333333333333,1697.3333333333333,1215.5,1484.1666666666667,1427.8333333333333,1563.6666666666667,1081.3333333333333,788.6666666666666,516.6666666666666,627.5,903.6666666666666,636.6666666666666,1365.5,1686.0,1229.0,1303.0,1475.0,1522.0
262,0.25,0.3125,0.3333333333333333,0.3333333333333333,0.2,0.3125,0.0,0.0,0.0,0.0,0.0,0.0,0.25,0.3125,0.3333333333333333,0.3333333333333333,0.2,0.3125,1.0,0.8,0.8333333333333334,0.8333333333333334,1.0,0.6,2269.0,2451.0,1743.6666666666667,1897.1666666666667,1545.5,2621.2,378.0,1823.0,655.0,365.1666666666667,287.5,1172.4,2208.0,2569.0,1453.0,2103.0,1545.5,2579.0
263,0.25,0.25,0.2857142857142857,0.2857142857142857,0.2857142857142857,0.3333333333333333,0.0,0.0,0.0,0.0,0.0,0.0,0.25,0.25,0.2857142857142857,0.2857142857142857,0.2857142857142857,0.3333333333333333,0.3333333333333333,1.0,0.5,1.0,0.5,0.5,1892.0,2192.0,1569.0,1488.0,1443.0,1740.8333333333333,1252.6666666666667,924.6666666666666,733.5,806.75,1099.0,406.8333333333333,1673.0,1876.0,1528.5,1235.5,1488.0,1597.0
264,0.3333333333333333,0.3333333333333333,0.16666666666666666,0.3333333333333333,0.3125,0.3125,0.0,0.0,0.16666666666666666,0.0,0.0,0.0,0.3333333333333333,0.3333333333333333,0.3333333333333333,0.3333333333333333,0.3125,0.3125,0.8333333333333334,0.8333333333333334,0.8333333333333334,1.0,0.8,0.8,1126.8333333333333,1298.6666666666667,1259.5,1105.0,1203.4,1075.2,981.6666666666666,1035.6666666666667,1039.1666666666667,1033.3333333333333,601.8,722.4,970.0,1309.5,1224.5,1063.5,1160.0,1075.0
266,0.14583333333333334,0.3333333333333333,0.2857142857142857,0.3333333333333333,0.3125,0.3333333333333333,0.16666666666666666,0.0,0.0,0.0,0.0,0.0,0.3125,0.3333333333333333,0.2857142857142857,0.3333333333333333,0.3125,0.3333333333333333,0.8,0.8333333333333334,0.5,0.8333333333333334,0.6,0.8333333333333334,2108.6,1198.1666666666667,1089.75,1285.0,1428.0,1507.0,469.8,1466.6666666666667,226.25,921.1666666666666,618.6,870.1666666666666,1752.0,1181.0,1040.5,1221.0,1227.0,1255.0
267,0.3333333333333333,0.3125,0.3125,0.3333333333333333,0.3333333333333333,0.16666666666666666,0.0,0.0,0.0,0.0,0.0,0.16666666666666666,0.3333333333333333,0.3125,0.3125,0.3333333333333333,0.3333333333333333,0.3333333333333333,0.8333333333333334,0.6,0.8,0.6666666666666666,0.5,0.5,1722.5,1449.4,1669.6,1618.3333333333333,1890.0,1667.0,1954.5,1179.6,570.4,213.66666666666666,1206.6666666666667,2022.8333333333333,1662.0,1374.0,1631.0,1414.5,1362.5,1503.5
269,0.2857142857142857,0.16666666666666666,0.3333333333333333,0.25,0.2857142857142857,0.3333333333333333,0.0,0.16666666666666666,0.0,0.0,0.0,0.0,0.2857142857142857,0.3333333333333333,0.3333333333333333,0.25,0.2857142857142857,0.3333333333333333,1.0,0.8333333333333334,1.0,1.0,1.0,0.6666666666666666,1367.0,1339.1666666666667,1236.6666666666667,1353.3333333333333,2369.5,1258.3333333333333,836.25,1305.5,856.5,2297.0,1643.5,924.1666666666666,1337.0,1213.0,965.0,1152.0,2222.5,1159.5
270,0.3125,0.2857142857142857,0.3125,0.3125,0.2857142857142857,0.3333333333333333,0.0,0.0,0.0,0.0,0.0,0.0,0.3125,0.2857142857142857,0.3125,0.3125,0.2857142857142857,0.3333333333333333,0.8,1.0,1.0,1.0,0.75,1.0,2313.0,1855.75,1744.6,1798.4,1958.5,1967.6666666666667,1956.8,2153.75,6588.2,2423.2,1352.0,868.3333333333334,2655.0,1863.5,1735.0,1792.0,1685.0,1795.0
273,0.2857142857142857,0.3125,0.2857142857142857,0.25,0.2857142857142857,0.25,0.0,0.0,0.0,0.0,0.0,0.0,0.2857142857142857,0.3125,0.2857142857142857,0.25,0.2857142857142857,0.25,0.5,0.4,0.5,0.6666666666666666,0.75,0.3333333333333333,1096.75,2118.6,1974.0,2618.3333333333335,1524.0,1866.6666666666667,789.5,414.0,717.5,1215.0,751.25,367.6666666666667,1048.0,2059.0,1513.5,2629.0,1390.0,1613.0
276,0.25,0.11904761904761904,0.3125,0.3333333333333333,0.3125,0.25,0.0,0.16666666666666666,0.0,0.0,0.0,0.0,0.25,0.2857142857142857,0.3125,0.3333333333333333,0.3125,0.25,1.0,0.0,0.8,1.0,0.4,0.6666666666666666,1665.0,2433.25,1877.6,2093.6666666666665,2001.4,2377.3333333333335,2127.3333333333335,1389.75,2149.6,1306.8333333333333,924.6,2327.0,1521.0,2006.5,1982.0,1943.0,1923.0,2561.0
277,0.3125,0.16666666666666666,0.3333333333333333,0.3333333333333333,0.3333333333333333,0.3333333333333333,0.0,0.16666666666666666,0.0,0.0,0.0,0.0,0.3125,0.3333333333333333,0.3333333333333333,0.3333333333333333,0.3333333333333333,0.3333333333333333,0.8,0.8333333333333334,0.8333333333333334,0.8333333333333334,0.8333333333333334,0.5,1150.8,1411.6666666666667,1499.0,1932.5,1584.1666666666667,1733.3333333333333,244.8,257.5,957.5,763.6666666666666,1255.5,462.8333333333333,1103.0,1424.0,1400.0,1714.5,1489.0,1375.0
279,0.3333333333333333,0.3333333333333333,0.3125,0.3333333333333333,0.3333333333333333,0.2857142857142857,0.0,0.0,0.0,0.0,0.0,0.0,0.3333333333333333,0.3333333333333333,0.3125,0.3333333333333333,0.3333333333333333,0.2857142857142857,0.5,0.6666666666666666,0.8,0.8333333333333334,0.6666666666666666,0.5,1622.5,2066.6666666666665,1841.8,2219.0,1819.5,2286.0,1222.0,704.6666666666666,498.8,276.0,438.1666666666667,1361.75,1521.5,1931.5,2052.0,2102.0,1562.5,2455.0
280,0.16666666666666666,0.3333333333333333,0.3333333333333333,0.3333333333333333,0.14583333333333334,0.3333333333333333,0.16666666666666666,0.0,0.0,0.0,0.16666666666666666,0.0,0.3333333333333333,0.3333333333333333,0.3333333333333333,0.3333333333333333,0.3125,0.3333333333333333,1.0,0.8333333333333334,0.8333333333333334,1.0,1.0,0.8333333333333334,1632.0,2036.1666666666667,1553.8333333333333,1454.5,1504.4,1676.6666666666667,948.1666666666666,1575.1666666666667,1309.6666666666667,1460.8333333333333,1144.8,1987.1666666666667,1597.0,2085.5,1567.0,1302.5,1482.0,1661.5
281,0.3333333333333333,0.14583333333333334,0.3125,0.08333333333333334,0.0,0.0,0.0,0.16666666666666666,0.0,0.16666666666666666,0.3333333333333333,0.3333333333333333,0.3333333333333333,0.3125,0.3125,0.25,0.3333333333333333,0.3333333333333333,0.8333333333333334,0.4,0.8,1.0,0.3333333333333333,0.8333333333333334,1553.1666666666667,1508.2,1628.6,1531.0,1815.0,1646.1666666666667,368.5,352.6,594.8,554.3333333333334,686.6666666666666,342.0,1586.0,1300.0,1667.0,1479.0,1894.0,1716.0
282,0.3333333333333333,0.14583333333333334,0.3125,0.16666666666666666,0.2857142857142857,0.3333333333333333,0.0,0.16666666666666666,0.0,0.16666666666666666,0.0,0.0,0.3333333333333333,0.3125,0.3125,0.3333333333333333,0.2857142857142857,0.3333333333333333,0.6666666666666666,1.0,0.6,0.6666666666666666,0.75,0.8333333333333334,1498.1666666666667,1917.4,1498.8,1593.1666666666667,1378.0,1743.8333333333333,2995.0,2542.0,761.0,325.8333333333333,1209.25,3655.6666666666665,1481.5,1847.0,1507.0,1487.5,1302.5,1584.5
283,0.25,0.25,0.2857142857142857,0.25,0.25,0.25,0.0,0.0,0.0,0.0,0.0,0.0,0.25,0.25,0.2857142857142857,0.25,0.25,0.25,0.6666666666666666,0.3333333333333333,0.75,0.6666666666666666,0.3333333333333333,1.0,1928.6666666666667,1852.3333333333333,1863.75,2123.0,1926.0,1375.0,3167.0,737.0,1267.25,1304.0,932.6666666666666,864.6666666666666,1834.0,1910.0,1917.5,1885.0,1840.0,1361.0
285,0.3333333333333333,0.3333333333333333,0.3333333333333333,0.3333333333333333,0.3333333333333333,0.3125,0.0,0.0,0.0,0.0,0.0,0.0,0.3333333333333333,0.3333333333333333,0.3333333333333333,0.3333333333333333,0.3333333333333333,0.3125,0.8333333333333334,0.8333333333333334,0.8333333333333334,1.0,0.8333333333333334,1.0,1326.6666666666667,1704.3333333333333,1203.0,1393.5,1427.1666666666667,1311.0,517.6666666666666,728.3333333333334,366.1666666666667,437.3333333333333,978.0,790.4,1327.5,1621.5,1099.5,1270.5,1308.0,1368.0
286,0.3125,0.2,0.3125,0.08333333333333334,0.25,0.2857142857142857,0.0,0.0,0.0,0.16666666666666666,0.0,0.0,0.3125,0.2,0.3125,0.25,0.25,0.2857142857142857,1.0,1.0,0.8,0.6666666666666666,0.6666666666666666,1.0,1966.2,1583.0,1281.4,1462.0,1694.3333333333333,2105.75,656.2,868.5,878.4,532.0,1273.6666666666667,868.5,1602.0,1583.0,1376.0,1395.0,1888.0,2164.0
289,0.0,0.2857142857142857,0.3333333333333333,0.16666666666666666,0.16666666666666666,0.14583333333333334,0.3333333333333333,0.0,0.0,0.16666666666666666,0.16666666666666666,0.16666666666666666,0.3333333333333333,0.2857142857142857,0.3333333333333333,0.3333333333333333,0.3333333333333333,0.3125,0.5,1.0,0.5,0.6666666666666666,0.8333333333333334,0.6,1592.8333333333333,1851.5,2099.5,1977.8333333333333,1979.0,2145.6,646.1666666666666,451.0,1283.6666666666667,811.0,886.3333333333334,1729.2,1428.0,1823.5,2063.0,2015.5,1893.5,2219.0
290,0.3333333333333333,0.3125,0.2857142857142857,0.3333333333333333,0.16666666666666666,0.3333333333333333,0.0,0.0,0.0,0.0,0.16666666666666666,0.0,0.3333333333333333,0.3125,0.2857142857142857,0.3333333333333333,0.3333333333333333,0.3333333333333333,0.8333333333333334,0.6,0.75,0.6666666666666666,0.6666666666666666,1.0,1360.1666666666667,1374.0,1463.0,2618.3333333333335,2291.1666666666665,1667.8333333333333,2103.6666666666665,2745.6,2822.5,1863.6666666666667,3920.5,2476.0,1405.5,1414.0,1563.5,2750.0,1942.0,1641.5
292,0.3333333333333333,0.14583333333333334,0.16666666666666666,0.16666666666666666,0.2857142857142857,0.3333333333333333,0.0,0.16666666666666666,0.16666666666666666,0.16666666666666666,0.0,0.0,0.3333333333333333,0.3125,0.3333333333333333,0.3333333333333333,0.2857142857142857,0.3333333333333333,0.5,0.8,0.5,0.8333333333333334,0.75,0.8333333333333334,1024.3333333333333,1221.2,958.8333333333334,1163.8333333333333,1457.75,1105.6666666666667,878.5,868.4,941.0,753.8333333333334,833.0,757.0,1004.5,1179.0,923.5,1217.5,1259.0,1164.5
293,0.3125,0.3333333333333333,0.3125,0.3125,0.3333333333333333,0.2857142857142857,0.0,0.0,0.0,0.0,0.0,0.0,0.3125,0.3333333333333333,0.3125,0.3125,0.3333333333333333,0.2857142857142857,0.8,0.8333333333333334,0.8,0.8,0.5,0.75,2031.0,2096.6666666666665,1742.4,1639.8,1493.0,1925.5,868.4,1031.0,1754.6,1418.2,969.8333333333334,1444.5,1842.0,2254.5,1772.0,1880.0,1361.0,1624.0
294,0.08333333333333331,0.08333333333333331,0.3333333333333333,0.3,0.3,0.3333333333333333,0.25,0.25,0.0,0.0,0.0,0.0,0.3333333333333333,0.3333333333333333,0.3333333333333333,0.3,0.3,0.3333333333333333,0.5,0.75,0.5,0.3333333333333333,0.6666666666666666,0.5,942.5,2075.25,2221.25,1323.6666666666667,1216.3333333333333,1352.0,404.5,1066.0,800.5,413.6666666666667,532.6666666666666,377.25,996.0,2021.0,2415.5,1315.0,1128.0,1458.5
295,0.3333333333333333,0.3333333333333333,0.3125,0.3333333333333333,0.3125,0.3125,0.0,0.0,0.0,0.0,0.0,0.0,0.3333333333333333,0.3333333333333333,0.3125,0.3333333333333333,0.3125,0.3125,0.8333333333333334,0.6666666666666666,1.0,0.5,1.0,0.8,1633.0,1722.3333333333333,1284.6,1686.8333333333333,1344.0,2143.0,884.6666666666666,1151.8333333333333,870.0,925.6666666666666,713.4,884.8,1541.0,1625.5,1329.0,1574.0,1443.0,1769.0
296,0.3333333333333333,0.3333333333333333,0.14583333333333334,0.3333333333333333,0.2857142857142857,0.3333333333333333,0.0,0.0,0.16666666666666666,0.0,0.0,0.0,0.3333333333333333,0.3333333333333333,0.3125,0.3333333333333333,0.2857142857142857,0.3333333333333333,0.8333333333333334,0.8333333333333334,0.8,0.5,0.75,1.0,2028.5,1744.1666666666667,1385.0,1249.5,1283.0,1667.8333333333333,1461.0,1874.1666666666667,1655.6,1206.0,2039.25,3563.3333333333335,1938.5,1707.0,1457.0,1129.5,1140.5,1516.0
297,0.08333333333333331,0.08333333333333331,0.3,0.3333333333333333,0.3333333333333333,0.3,0.25,0.25,0.0,0.0,0.0,0.0,0.3333333333333333,0.3333333333333333,0.3,0.3333333333333333,0.3333333333333333,0.3,0.75,0.25,0.6666666666666666,0.75,0.75,1.0,1391.0,1526.0,1401.6666666666667,1432.0,1812.0,1465.6666666666667,1048.25,1543.25,550.0,539.5,943.0,327.0,1356.5,1251.5,1423.0,1470.5,1612.0,1246.0
298,0.2857142857142857,0.2857142857142857,0.25,0.3125,0.25,0.2,0.0,0.0,0.0,0.0,0.0,0.0,0.2857142857142857,0.2857142857142857,0.25,0.3125,0.25,0.2,0.75,0.75,0.6666666666666666,0.6,1.0,1.0,1572.0,1478.75,2001.3333333333333,1409.8,1323.3333333333333,2955.5,492.25,648.25,2816.3333333333335,424.0,1392.3333333333333,805.0,1655.0,1551.5,2327.0,1424.0,1125.0,2955.5
302,0.3125,0.3125,0.3333333333333333,0.25,0.08333333333333334,-0.1875,0.0,0.0,0.0,0.0,0.16666666666666666,0.5,0.3125,0.3125,0.3333333333333333,0.25,0.25,0.3125,0.8,0.4,0.8333333333333334,0.3333333333333333,0.3333333333333333,0.8,1412.2,1738.2,1652.0,1468.6666666666667,2092.0,1570.6,600.2,632.0,652.8333333333334,1004.6666666666666,470.0,558.2,1694.0,1410.0,1537.0,1239.0,1890.0,1487.0
303,0.16666666666666666,0.3125,0.3333333333333333,0.2857142857142857,0.2857142857142857,0.3333333333333333,0.16666666666666666,0.0,0.0,0.0,0.0,0.0,0.3333333333333333,0.3125,0.3333333333333333,0.2857142857142857,0.2857142857142857,0.3333333333333333,1.0,1.0,1.0,0.5,0.25,0.8333333333333334,2276.8333333333335,2153.0,2438.3333333333335,2211.0,2453.5,2014.5,2033.3333333333333,1336.6,1990.0,1962.5,3344.75,1132.8333333333333,2250.0,1756.0,2446.0,2168.0,2227.0,1980.5
304,0.2857142857142857,0.11904761904761904,0.3333333333333333,0.3333333333333333,0.2857142857142857,0.25,0.0,0.16666666666666666,0.0,0.0,0.0,0.0,0.2857142857142857,0.2857142857142857,0.3333333333333333,0.3333333333333333,0.2857142857142857,0.25,0.75,0.75,0.8333333333333334,1.0,1.0,1.0,2040.5,1850.75,2157.8333333333335,1937.8333333333333,1542.75,1648.3333333333333,2090.25,867.75,2040.0,1097.6666666666667,856.75,1339.3333333333333,1898.0,1913.0,2277.0,1556.0,1547.0,1749.0
305,0.16666666666666666,0.3333333333333333,0.3333333333333333,0.3333333333333333,0.16666666666666666,0.3333333333333333,0.16666666666666666,0.0,0.0,0.0,0.16666666666666666,0.0,0.3333333333333333,0.3333333333333333,0.3333333333333333,0.3333333333333333,0.3333333333333333,0.3333333333333333,1.0,1.0,1.0,0.8333333333333334,0.8333333333333334,1.0,1479.0,1948.3333333333333,1401.6666666666667,1218.1666666666667,1953.6666666666667,2091.6666666666665,334.1666666666667,627.5,488.6666666666667,258.3333333333333,624.0,770.6666666666666,1576.5,1608.0,1506.0,1275.0,1871.0,2159.0
307,0.3333333333333333,0.0,0.16666666666666666,0.3333333333333333,0.3333333333333333,0.3333333333333333,0.0,0.3333333333333333,0.16666666666666666,0.0,0.0,0.0,0.3333333333333333,0.3333333333333333,0.3333333333333333,0.3333333333333333,0.3333333333333333,0.3333333333333333,0.8333333333333334,0.8333333333333334,0.8333333333333334,0.6666666666666666,0.8333333333333334,0.6666666666666666,869.1666666666666,916.8333333333334,874.1666666666666,911.3333333333334,827.3333333333334,962.6666666666666,3520.8333333333335,1861.3333333333333,1223.1666666666667,1463.6666666666667,1519.8333333333333,1429.0,916.5,901.5,834.0,865.0,841.0,895.0
308,0.14583333333333334,0.3333333333333333,0.14583333333333334,0.3333333333333333,0.3125,0.3333333333333333,0.16666666666666666,0.0,0.16666666666666666,0.0,0.0,0.0,0.3125,0.3333333333333333,0.3125,0.3333333333333333,0.3125,0.3333333333333333,0.6,0.8333333333333334,0.4,1.0,0.8,0.8333333333333334,1799.6,2244.5,1689.2,1912.6666666666667,1609.6,1967.6666666666667,1511.2,1354.8333333333333,818.6,1099.5,2169.6,1504.8333333333333,1764.0,2072.5,1797.0,2101.5,1741.0,2025.5
309,0.2,0.0,0.0,0.125,0.0,0.125,0.0,0.0,0.0,0.0,0.0,0.0,0.2,0.0,0.0,0.125,0.0,0.125,0.5,,,0.0,,1.0,2041.0,,,2963.0,,1278.0,312.0,,,2204.0,,288.0,2041.0,,,2963.0,,1278.0
310,0.16666666666666666,0.3333333333333333,0.3333333333333333,0.3125,0.3125,0.2,0.16666666666666666,0.0,0.0,0.0,0.0,0.0,0.3333333333333333,0.3333333333333333,0.3333333333333333,0.3125,0.3125,0.2,0.6666666666666666,0.6666666666666666,0.3333333333333333,0.6,1.0,0.0,1337.8333333333333,1818.3333333333333,1599.0,1158.8,1351.4,1503.0,1494.3333333333333,682.3333333333334,882.5,892.4,663.2,3376.5,1214.5,1570.5,1403.5,1161.0,1177.0,1503.0
311,0.14583333333333334,0.16666666666666666,0.3333333333333333,0.3333333333333333,0.3333333333333333,0.2857142857142857,0.16666666666666666,0.16666666666666666,0.0,0.0,0.0,0.0,0.3125,0.3333333333333333,0.3333333333333333,0.3333333333333333,0.3333333333333333,0.2857142857142857,1.0,1.0,0.8333333333333334,0.6666666666666666,0.8333333333333334,0.5,2140.4,1969.0,2176.6666666666665,1921.1666666666667,2118.8333333333335,1678.25,1472.0,2130.6666666666665,1038.1666666666667,1007.6666666666666,1228.8333333333333,672.5,1912.0,2039.5,2191.0,1718.0,2120.5,1654.5
312,0.3333333333333333,0.2857142857142857,0.3125,0.16666666666666666,0.3125,0.14583333333333334,0.0,0.0,0.0,0.16666666666666666,0.0,0.16666666666666666,0.3333333333333333,0.2857142857142857,0.3125,0.3333333333333333,0.3125,0.3125,0.8333333333333334,1.0,0.8,0.5,1.0,0.8,1540.5,1811.0,2114.4,1534.5,1474.6,2168.8,440.6666666666667,968.5,2172.6,1937.6666666666667,1522.0,1332.2,1462.0,1908.0,1753.0,1352.0,1446.0,2195.0
313,0.0,0.3333333333333333,0.3333333333333333,0.3125,0.16666666666666666,0.16666666666666666,0.3333333333333333,0.0,0.0,0.0,0.16666666666666666,0.16666666666666666,0.3333333333333333,0.3333333333333333,0.3333333333333333,0.3125,0.3333333333333333,0.3333333333333333,0.6666666666666666,0.8333333333333334,1.0,0.4,0.6666666666666666,0.5,1029.6666666666667,1292.8333333333333,1034.8333333333333,1096.2,1333.5,1407.3333333333333,960.1666666666666,694.8333333333334,1012.0,438.8,678.5,523.8333333333334,1036.5,1345.5,978.0,1174.0,1355.5,1491.0
314,0.3333333333333333,0.14583333333333334,0.3125,0.3333333333333333,0.3125,0.2857142857142857,0.0,0.16666666666666666,0.0,0.0,0.0,0.0,0.3333333333333333,0.3125,0.3125,0.3333333333333333,0.3125,0.2857142857142857,0.8333333333333334,0.4,0.8,0.8333333333333334,0.6,0.75,1381.6666666666667,1538.8,1647.8,1668.3333333333333,1216.8,1754.5,405.6666666666667,989.2,360.6,492.3333333333333,528.2,538.0,1220.0,1415.0,1596.0,1398.5,1260.0,1656.0
316,0.16666666666666666,0.0,0.2857142857142857,0.16666666666666666,0.2857142857142857,0.3333333333333333,0.16666666666666666,0.3333333333333333,0.0,0.16666666666666666,0.0,0.0,0.3333333333333333,0.3333333333333333,0.2857142857142857,0.3333333333333333,0.2857142857142857,0.3333333333333333,0.6666666666666666,0.8333333333333334,1.0,0.5,1.0,0.5,1180.6666666666667,1564.3333333333333,1420.5,1546.5,1636.75,1744.0,1099.0,1217.6666666666667,1406.0,1320.6666666666667,732.75,1063.5,1160.5,1504.5,1384.5,1203.5,1213.0,1650.0
317,0.0,0.25,0.14583333333333334,0.2857142857142857,0.14583333333333334,0.3125,0.3333333333333333,0.0,0.16666666666666666,0.0,0.16666666666666666,0.0,0.3333333333333333,0.25,0.3125,0.2857142857142857,0.3125,0.3125,0.8333333333333334,0.6666666666666666,0.8,1.0,0.8,0.8,1286.5,1359.0,1417.6,1442.5,1522.4,1382.0,1725.0,1397.6666666666667,913.8,1804.0,1239.4,856.6,1046.0,1076.0,1488.0,1436.5,1348.0,1264.0
318,0.3333333333333333,0.3125,0.14583333333333334,0.3125,0.3333333333333333,-0.020833333333333315,0.0,0.0,0.16666666666666666,0.0,0.0,0.3333333333333333,0.3333333333333333,0.3125,0.3125,0.3125,0.3333333333333333,0.3125,0.8333333333333334,1.0,1.0,1.0,0.5,0.8,1737.1666666666667,1775.8,2109.2,1739.8,1635.3333333333333,1847.0,1446.8333333333333,1030.2,866.6,856.4,1735.6666666666667,638.8,1797.5,1744.0,1767.0,1538.0,1755.0,1762.0
322,0.16666666666666666,0.2857142857142857,0.14583333333333334,0.14583333333333334,0.3125,0.3125,0.16666666666666666,0.0,0.16666666666666666,0.16666666666666666,0.0,0.0,0.3333333333333333,0.2857142857142857,0.3125,0.3125,0.3125,0.3125,0.5,1.0,1.0,0.4,0.8,0.4,1241.3333333333333,2192.25,1691.6,1343.8,1407.6,1354.4,646.6666666666666,711.25,800.8,596.4,753.6,1337.8,1231.0,1931.0,1597.0,1225.0,1440.0,1223.0
323,0.14583333333333334,0.3333333333333333,0.3333333333333333,0.3333333333333333,0.3333333333333333,0.3333333333333333,0.16666666666666666,0.0,0.0,0.0,0.0,0.0,0.3125,0.3333333333333333,0.3333333333333333,0.3333333333333333,0.3333333333333333,0.3333333333333333,1.0,0.6666666666666666,0.8333333333333334,0.8333333333333334,0.8333333333333334,0.6666666666666666,1472.2,2247.0,1559.0,1501.6666666666667,1875.0,2170.1666666666665,145.4,1054.8333333333333,971.3333333333334,669.5,852.6666666666666,371.0,1411.0,2291.0,1424.5,1503.5,1599.0,2270.0
325,0.2,0.3125,0.25,0.2857142857142857,0.125,0.16666666666666666,0.0,0.0,0.0,0.0,0.0,0.16666666666666666,0.2,0.3125,0.25,0.2857142857142857,0.125,0.3333333333333333,0.5,0.8,1.0,1.0,1.0,0.6666666666666666,2067.5,2364.8,1893.3333333333333,1808.0,2978.0,2624.0,1184.0,1120.2,682.6666666666666,555.5,336.0,721.5,2067.5,2144.0,1768.0,1835.0,2978.0,2685.5
326,0.2857142857142857,0.3333333333333333,0.3125,0.2857142857142857,0.14583333333333334,0.3333333333333333,0.0,0.0,0.0,0.0,0.16666666666666666,0.0,0.2857142857142857,0.3333333333333333,0.3125,0.2857142857142857,0.3125,0.3333333333333333,0.75,0.5,1.0,0.5,0.6,0.8333333333333334,1189.75,1158.3333333333333,1567.6,1021.25,1428.4,1683.8333333333333,424.0,307.6666666666667,364.6,363.5,245.4,280.3333333333333,999.0,1107.5,1373.0,991.5,1276.0,1613.0
327,0.3333333333333333,0.16666666666666666,0.3333333333333333,0.3333333333333333,0.2857142857142857,0.3333333333333333,0.0,0.16666666666666666,0.0,0.0,0.0,0.0,0.3333333333333333,0.3333333333333333,0.3333333333333333,0.3333333333333333,0.2857142857142857,0.3333333333333333,0.8333333333333334,0.6666666666666666,0.6666666666666666,0.6666666666666666,0.75,0.6666666666666666,2061.1666666666665,1685.5,1585.1666666666667,2222.1666666666665,2282.75,2439.1666666666665,875.5,670.5,708.6666666666666,856.3333333333334,761.75,1341.8333333333333,1883.0,1758.0,1524.5,2298.5,2276.5,2579.5
328,0.2857142857142857,0.3125,0.3333333333333333,0.3125,0.16666666666666666,0.2857142857142857,0.0,0.0,0.0,0.0,0.16666666666666666,0.0,0.2857142857142857,0.3125,0.3333333333333333,0.3125,0.3333333333333333,0.2857142857142857,0.75,0.8,0.8333333333333334,1.0,0.8333333333333334,0.75,1124.0,1086.6,1228.0,1432.0,1421.0,1497.75,2828.5,459.2,738.5,516.4,723.0,264.0,1110.5,1091.0,1267.0,1705.0,1330.5,1431.5
329,0.3333333333333333,-0.047619047619047616,0.25,0.3125,0.3333333333333333,0.11904761904761904,0.0,0.3333333333333333,0.0,0.0,0.0,0.16666666666666666,0.3333333333333333,0.2857142857142857,0.25,0.3125,0.3333333333333333,0.2857142857142857,0.6666666666666666,0.75,0.3333333333333333,0.8,0.8333333333333334,0.75,2400.0,2712.0,2560.6666666666665,1933.2,1537.1666666666667,1511.75,985.0,1477.75,584.0,804.8,563.5,373.25,2638.0,2794.5,2132.0,2077.0,1464.5,1341.5
330,0.14583333333333334,0.16666666666666666,0.3333333333333333,0.14583333333333334,0.033333333333333354,0.2857142857142857,0.16666666666666666,0.16666666666666666,0.0,0.16666666666666666,0.16666666666666666,0.0,0.3125,0.3333333333333333,0.3333333333333333,0.3125,0.2,0.2857142857142857,1.0,0.5,0.8333333333333334,0.8,0.5,0.75,2238.6,2723.0,2019.1666666666667,2219.0,2168.5,2198.5,727.4,519.8333333333334,529.0,443.6,318.5,393.25,2188.0,3032.5,1869.0,2219.0,2168.5,1937.5
331,0.2857142857142857,0.25,0.3125,0.3333333333333333,0.3125,0.2857142857142857,0.0,0.0,0.0,0.0,0.0,0.0,0.2857142857142857,0.25,0.3125,0.3333333333333333,0.3125,0.2857142857142857,0.75,0.6666666666666666,1.0,0.5,0.8,0.75,2297.25,2266.6666666666665,2178.6,2723.1666666666665,2354.8,2202.25,743.75,1100.0,861.8,1414.3333333333333,1308.2,762.75,2305.0,2199.0,2280.0,2743.0,2250.0,2345.0
333,0.16666666666666666,0.16666666666666666,0.16666666666666666,0.3333333333333333,-0.020833333333333315,0.3333333333333333,0.16666666666666666,0.16666666666666666,0.16666666666666666,0.0,0.3333333333333333,0.0,0.3333333333333333,0.3333333333333333,0.3333333333333333,0.3333333333333333,0.3125,0.3333333333333333,0.8333333333333334,1.0,0.8333333333333334,0.8333333333333334,1.0,0.8333333333333334,1972.5,2090.3333333333335,2007.1666666666667,1510.8333333333333,1693.8,2246.0,897.5,739.8333333333334,1113.8333333333333,818.1666666666666,1027.0,576.6666666666666,1737.5,1898.5,1853.0,1398.5,1862.0,1908.0
339,0.0,0.0,0.3125,0.3333333333333333,0.3333333333333333,0.14583333333333334,0.3333333333333333,0.3333333333333333,0.0,0.0,0.0,0.16666666666666666,0.3333333333333333,0.3333333333333333,0.3125,0.3333333333333333,0.3333333333333333,0.3125,0.6666666666666666,0.6666666666666666,0.4,0.6666666666666666,0.6666666666666666,0.8,2034.1666666666667,2073.3333333333335,1482.4,1676.6666666666667,1453.0,1810.4,1440.0,1225.5,2363.8,2879.5,1530.3333333333333,1158.0,2128.0,2040.5,1352.0,1413.5,1479.5,1749.0
340,0.3333333333333333,0.3333333333333333,0.16666666666666666,0.3333333333333333,0.3125,0.3333333333333333,0.0,0.0,0.16666666666666666,0.0,0.0,0.0,0.3333333333333333,0.3333333333333333,0.3333333333333333,0.3333333333333333,0.3125,0.3333333333333333,0.6666666666666666,0.8333333333333334,0.8333333333333334,1.0,0.8,0.8333333333333334,1866.6666666666667,1670.3333333333333,1482.0,1686.5,1559.0,1831.1666666666667,971.1666666666666,1558.5,1496.6666666666667,1032.3333333333333,1198.6,1454.8333333333333,1627.0,1648.5,1457.0,1624.0,1569.0,1644.5
342,0.3333333333333333,0.16666666666666666,0.3333333333333333,0.16666666666666666,0.3333333333333333,0.3333333333333333,0.0,0.16666666666666666,0.0,0.16666666666666666,0.0,0.0,0.3333333333333333,0.3333333333333333,0.3333333333333333,0.3333333333333333,0.3333333333333333,0.3333333333333333,0.8333333333333334,0.6666666666666666,0.8333333333333334,0.8333333333333334,0.6666666666666666,0.8333333333333334,1331.0,1384.0,1283.8333333333333,1435.3333333333333,1411.1666666666667,1566.8333333333333,1106.6666666666667,1422.6666666666667,509.5,451.0,488.8333333333333,1172.0,1330.0,1389.0,1249.5,1338.0,1236.0,1453.5
343,0.2,0.14583333333333334,0.11904761904761904,0.2857142857142857,0.25,0.14583333333333334,0.0,0.16666666666666666,0.16666666666666666,0.0,0.0,0.16666666666666666,0.2,0.3125,0.2857142857142857,0.2857142857142857,0.25,0.3125,1.0,0.6,0.5,0.25,0.3333333333333333,0.6,784.5,1366.6,920.5,1690.5,1423.6666666666667,1972.2,146.5,218.0,99.25,121.5,129.33333333333334,573.6,784.5,1160.0,913.5,1739.5,1276.0,1575.0
344,0.14583333333333334,0.16666666666666666,0.3125,0.3333333333333333,0.3333333333333333,0.3333333333333333,0.16666666666666666,0.16666666666666666,0.0,0.0,0.0,0.0,0.3125,0.3333333333333333,0.3125,0.3333333333333333,0.3333333333333333,0.3333333333333333,1.0,0.8333333333333334,1.0,0.8333333333333334,1.0,0.6666666666666666,1781.0,2126.3333333333335,1659.2,1875.1666666666667,1976.5,1735.1666666666667,971.2,2348.1666666666665,499.6,1350.5,1722.6666666666667,1546.6666666666667,1837.0,2134.5,1788.0,1662.5,1915.5,1598.5
346,0.08333333333333331,0.3333333333333333,0.3333333333333333,0.3333333333333333,0.3,0.3333333333333333,0.25,0.0,0.0,0.0,0.0,0.0,0.3333333333333333,0.3333333333333333,0.3333333333333333,0.3333333333333333,0.3,0.3333333333333333,0.5,0.75,0.75,0.75,0.3333333333333333,0.25,1318.75,1971.75,1690.75,1334.25,2031.0,1704.75,1290.0,542.0,4380.0,1244.0,1715.0,330.0,1211.5,2080.5,1712.5,1321.5,1899.0,1737.0
350,0.14583333333333334,0.3333333333333333,0.3125,0.3125,0.2857142857142857,0.3125,0.16666666666666666,0.0,0.0,0.0,0.0,0.0,0.3125,0.3333333333333333,0.3125,0.3125,0.2857142857142857,0.3125,1.0,0.8333333333333334,0.8,1.0,0.75,0.8,1589.2,2082.8333333333335,1651.0,1736.4,2120.25,1858.2,1465.2,1268.3333333333333,524.4,955.0,2580.5,1734.6,1452.0,1948.0,1664.0,1410.0,2250.0,1623.0
351,0.16666666666666666,0.3333333333333333,0.16666666666666666,0.3333333333333333,0.3333333333333333,0.3125,0.16666666666666666,0.0,0.16666666666666666,0.0,0.0,0.0,0.3333333333333333,0.3333333333333333,0.3333333333333333,0.3333333333333333,0.3333333333333333,0.3125,0.6666666666666666,0.6666666666666666,0.6666666666666666,1.0,0.5,0.6,1934.1666666666667,1798.3333333333333,1498.6666666666667,1749.0,1606.8333333333333,1514.0,1407.0,1993.5,781.6666666666666,948.5,1011.6666666666666,733.8,1988.0,1758.5,1472.5,1735.0,1477.0,1428.0
354,0.3333333333333333,0.3333333333333333,0.2857142857142857,0.2857142857142857,0.2857142857142857,0.3125,0.0,0.0,0.0,0.0,0.0,0.0,0.3333333333333333,0.3333333333333333,0.2857142857142857,0.2857142857142857,0.2857142857142857,0.3125,0.8333333333333334,0.8333333333333334,0.5,0.5,0.5,0.8,1201.8333333333333,1253.1666666666667,1968.75,1098.0,1657.75,1421.0,231.66666666666666,780.1666666666666,180.5,262.75,735.75,236.8,1288.5,1096.0,1776.0,1092.5,1715.5,1444.0
355,0.3333333333333333,0.16666666666666666,0.3125,0.3125,0.3333333333333333,0.3333333333333333,0.0,0.16666666666666666,0.0,0.0,0.0,0.0,0.3333333333333333,0.3333333333333333,0.3125,0.3125,0.3333333333333333,0.3333333333333333,1.0,0.6666666666666666,1.0,1.0,0.6666666666666666,1.0,1658.8333333333333,1788.6666666666667,2350.0,1472.2,1619.1666666666667,1416.8333333333333,978.8333333333334,1079.6666666666667,818.6,627.4,668.0,725.0,1770.5,1655.5,2206.0,1583.0,1748.5,1466.0
356,0.16666666666666666,0.3333333333333333,0.3125,0.3125,0.3125,0.3333333333333333,0.16666666666666666,0.0,0.0,0.0,0.0,0.0,0.3333333333333333,0.3333333333333333,0.3125,0.3125,0.3125,0.3333333333333333,0.5,0.3333333333333333,0.4,0.8,0.8,0.6666666666666666,1339.0,1666.8333333333333,1650.6,1365.2,1540.6,2266.0,610.1666666666666,596.6666666666666,984.8,1295.2,681.0,613.1666666666666,1244.0,1519.5,1469.0,1503.0,1646.0,2317.0
361,0.16666666666666666,0.3125,0.16666666666666666,0.3333333333333333,0.3333333333333333,0.16666666666666666,0.16666666666666666,0.0,0.16666666666666666,0.0,0.0,0.16666666666666666,0.3333333333333333,0.3125,0.3333333333333333,0.3333333333333333,0.3333333333333333,0.3333333333333333,1.0,0.6,0.8333333333333334,0.8333333333333334,1.0,0.8333333333333334,1524.0,2297.8,1905.0,2340.8333333333335,2001.0,2118.6666666666665,335.0,610.8,1648.3333333333333,1492.6666666666667,648.1666666666666,424.6666666666667,1528.5,2147.0,1752.0,2329.5,1967.0,2292.5
362,0.08333333333333334,0.3333333333333333,0.3125,0.25,0.2857142857142857,0.2857142857142857,0.16666666666666666,0.0,0.0,0.0,0.0,0.0,0.25,0.3333333333333333,0.3125,0.25,0.2857142857142857,0.2857142857142857,0.0,0.8333333333333334,0.8,0.3333333333333333,0.5,0.5,1958.6666666666667,1654.6666666666667,1816.0,1526.3333333333333,1775.0,2300.25,1138.0,954.3333333333334,802.4,700.6666666666666,1199.75,825.0,1842.0,1605.0,1939.0,1439.0,1900.0,2274.5
363,0.3333333333333333,0.3333333333333333,0.3125,0.2857142857142857,0.2857142857142857,0.3125,0.0,0.0,0.0,0.0,0.0,0.0,0.3333333333333333,0.3333333333333333,0.3125,0.2857142857142857,0.2857142857142857,0.3125,0.3333333333333333,0.5,1.0,0.75,0.5,0.8,1308.6666666666667,1434.6666666666667,1347.6,1742.75,1479.5,1655.2,664.8333333333334,665.1666666666666,439.4,1482.25,234.5,530.4,1267.0,1378.5,1415.0,1597.0,1508.0,1444.0
364,0.14583333333333334,0.3125,0.14583333333333334,0.3125,0.2857142857142857,0.2,0.16666666666666666,0.0,0.16666666666666666,0.0,0.0,0.0,0.3125,0.3125,0.3125,0.3125,0.2857142857142857,0.2,0.8,0.8,0.8,0.6,1.0,0.5,1769.2,1488.2,1636.4,1534.0,1352.5,1352.5,765.8,691.6,901.2,525.4,454.5,896.0,1365.0,1411.0,1254.0,1330.0,1185.5,1352.5
366,0.16666666666666666,0.3125,0.3125,0.16666666666666666,0.16666666666666666,0.3333333333333333,0.16666666666666666,0.0,0.0,0.16666666666666666,0.16666666666666666,0.0,0.3333333333333333,0.3125,0.3125,0.3333333333333333,0.3333333333333333,0.3333333333333333,0.8333333333333334,1.0,0.6,0.8333333333333334,1.0,0.8333333333333334,1670.6666666666667,2247.4,2158.0,2170.6666666666665,2413.8333333333335,2583.6666666666665,516.8333333333334,878.2,773.8,447.0,971.3333333333334,1278.3333333333333,1710.5,2212.0,2248.0,2284.0,2486.5,2561.5
367,-0.16666666666666669,0.08333333333333331,0.3333333333333333,0.3333333333333333,0.3333333333333333,0.08333333333333331,0.5,0.25,0.0,0.0,0.0,0.25,0.3333333333333333,0.3333333333333333,0.3333333333333333,0.3333333333333333,0.3333333333333333,0.3333333333333333,1.0,0.5,0.5,0.75,0.75,1.0,1308.5,1112.25,1405.25,1293.75,1727.5,1699.25,688.25,578.25,1383.75,1292.0,1113.0,1413.25,1365.0,940.0,1414.5,1216.0,1586.5,1375.5
368,0.2857142857142857,0.2857142857142857,0.3333333333333333,0.14583333333333334,0.3125,0.25,0.0,0.0,0.0,0.16666666666666666,0.0,0.0,0.2857142857142857,0.2857142857142857,0.3333333333333333,0.3125,0.3125,0.25,0.75,1.0,1.0,0.8,0.4,1.0,1356.75,1514.5,1527.5,1352.6,1565.2,954.3333333333334,666.5,234.25,214.5,215.4,204.2,391.6666666666667,1262.0,1336.5,1291.0,1465.0,1430.0,947.0
369,0.11904761904761904,0.3125,0.11904761904761904,0.2857142857142857,0.2857142857142857,0.14583333333333334,0.16666666666666666,0.0,0.16666666666666666,0.0,0.0,0.16666666666666666,0.2857142857142857,0.3125,0.2857142857142857,0.2857142857142857,0.2857142857142857,0.3125,0.25,0.6,0.75,0.75,0.5,0.2,1244.25,1785.6,1629.75,1614.75,1467.5,2206.2,2126.25,1363.6,1741.5,1388.75,2261.75,1388.2,1112.5,1356.0,1503.0,1753.0,1387.5,1979.0
370,0.11904761904761904,0.11904761904761904,0.3333333333333333,0.3125,0.2,0.2857142857142857,0.16666666666666666,0.16666666666666666,0.0,0.0,0.0,0.0,0.2857142857142857,0.2857142857142857,0.3333333333333333,0.3125,0.2,0.2857142857142857,0.5,1.0,0.8333333333333334,0.8,0.5,0.5,1472.0,1567.5,1621.6666666666667,1535.4,2563.0,1333.25,377.25,513.0,350.1666666666667,207.4,934.0,844.5,1401.5,1566.0,1532.0,1319.0,2563.0,1289.0
371,0.08333333333333334,0.11904761904761904,0.2,0.0,0.25,0.25,0.16666666666666666,0.16666666666666666,0.0,0.0,0.0,0.0,0.25,0.2857142857142857,0.2,0.0,0.25,0.25,0.0,0.5,1.0,,0.6666666666666666,1.0,2184.0,2559.5,1882.0,,1850.0,2284.6666666666665,4181.0,3306.25,770.5,,1428.0,1461.0,1810.0,2461.0,1882.0,,1927.0,2344.0
372,0.3333333333333333,0.3125,0.3333333333333333,0.2857142857142857,0.2857142857142857,0.033333333333333354,0.0,0.0,0.0,0.0,0.0,0.16666666666666666,0.3333333333333333,0.3125,0.3333333333333333,0.2857142857142857,0.2857142857142857,0.2,0.8333333333333334,0.8,1.0,0.75,0.75,1.0,1429.0,1232.4,1301.8333333333333,1598.25,1048.25,854.0,850.3333333333334,556.0,800.3333333333334,442.25,2588.5,431.5,1127.5,1314.0,977.0,1704.5,1046.0,854.0
373,0.04999999999999999,0.3,0.25,0.3,0.3,-0.16666666666666669,0.25,0.0,0.0,0.0,0.0,0.5,0.3,0.3,0.25,0.3,0.3,0.3333333333333333,1.0,0.6666666666666666,0.5,0.6666666666666666,0.6666666666666666,0.75,2561.6666666666665,1577.3333333333333,1239.0,1527.0,1158.0,1834.5,712.6666666666666,3563.6666666666665,307.5,483.0,1192.6666666666667,249.75,2369.0,1714.0,1239.0,1553.0,1029.0,1685.0
374,0.25,0.25,0.2857142857142857,0.14583333333333334,0.25,0.2857142857142857,0.0,0.0,0.0,0.16666666666666666,0.0,0.0,0.25,0.25,0.2857142857142857,0.3125,0.25,0.2857142857142857,1.0,0.6666666666666666,0.5,0.8,1.0,0.75,2605.0,2106.3333333333335,1696.5,1594.0,1339.0,1404.5,505.0,847.3333333333334,347.0,344.0,379.6666666666667,933.5,2767.0,2496.0,1315.5,1446.0,1421.0,1275.5
375,0.3333333333333333,0.3125,0.3125,0.3125,0.3333333333333333,0.25,0.0,0.0,0.0,0.0,0.0,0.0,0.3333333333333333,0.3125,0.3125,0.3125,0.3333333333333333,0.25,0.6666666666666666,0.6,1.0,1.0,0.6666666666666666,0.3333333333333333,1693.8333333333333,1703.0,1598.2,1902.0,1617.0,2388.3333333333335,2421.5,3919.8,2470.6,2271.0,3981.1666666666665,2007.0,1669.0,1712.0,1849.0,1698.0,1580.5,2406.0
377,0.14583333333333334,0.16666666666666666,0.25,0.3333333333333333,0.3125,-0.047619047619047616,0.16666666666666666,0.16666666666666666,0.0,0.0,0.0,0.3333333333333333,0.3125,0.3333333333333333,0.25,0.3333333333333333,0.3125,0.2857142857142857,1.0,0.5,0.6666666666666666,0.6666666666666666,0.8,0.75,1685.4,1993.6666666666667,2239.6666666666665,1686.5,1781.4,2240.25,887.6,1234.1666666666667,316.0,1684.3333333333333,696.8,912.75,1737.0,1803.5,1884.0,1640.5,1703.0,2328.5
378,0.3125,0.3333333333333333,0.3333333333333333,0.3333333333333333,0.3333333333333333,0.3333333333333333,0.0,0.0,0.0,0.0,0.0,0.0,0.3125,0.3333333333333333,0.3333333333333333,0.3333333333333333,0.3333333333333333,0.3333333333333333,0.8,0.5,0.5,1.0,0.6666666666666666,0.6666666666666666,1237.4,1181.6666666666667,1308.0,1222.0,1730.1666666666667,1550.0,846.0,833.3333333333334,840.0,942.5,664.8333333333334,875.8333333333334,1105.0,1231.5,1252.5,1218.0,1691.5,1377.5
379,0.2857142857142857,0.2857142857142857,0.25,0.2857142857142857,0.125,0.2,0.0,0.0,0.0,0.0,0.0,0.0,0.2857142857142857,0.2857142857142857,0.25,0.2857142857142857,0.125,0.2,0.75,0.75,1.0,0.75,1.0,1.0,1915.0,1696.5,1586.6666666666667,1525.5,1509.0,1853.5,466.5,1129.0,749.3333333333334,702.75,226.0,2947.5,1875.0,1629.0,1614.0,1422.5,1509.0,1853.5
380,0.3125,0.14583333333333334,0.16666666666666666,0.3333333333333333,0.3125,0.3125,0.0,0.16666666666666666,0.16666666666666666,0.0,0.0,0.0,0.3125,0.3125,0.3333333333333333,0.3333333333333333,0.3125,0.3125,0.8,1.0,1.0,0.8333333333333334,1.0,0.8,2003.2,1849.4,1925.6666666666667,1640.0,1996.4,1809.0,558.0,685.6,786.5,362.5,1011.2,787.2,2170.0,1864.0,1797.0,1597.0,1769.0,1516.0
381,0.16666666666666666,0.16666666666666666,0.3333333333333333,0.3333333333333333,0.3333333333333333,0.3333333333333333,0.16666666666666666,0.16666666666666666,0.0,0.0,0.0,0.0,0.3333333333333333,0.3333333333333333,0.3333333333333333,0.3333333333333333,0.3333333333333333,0.3333333333333333,0.6666666666666666,0.5,1.0,0.8333333333333334,1.0,0.8333333333333334,1450.8333333333333,1517.6666666666667,1620.3333333333333,1832.5,1262.6666666666667,1295.3333333333333,1178.0,691.0,706.8333333333334,1491.3333333333333,1681.5,1336.6666666666667,1176.5,1483.0,1731.5,1798.0,1209.5,1255.5
382,0.3333333333333333,0.3333333333333333,0.3125,0.3333333333333333,0.3125,0.3125,0.0,0.0,0.0,0.0,0.0,0.0,0.3333333333333333,0.3333333333333333,0.3125,0.3333333333333333,0.3125,0.3125,0.8333333333333334,1.0,0.6,0.6666666666666666,0.8,0.6,1403.8333333333333,1490.1666666666667,1702.0,1194.0,1504.6,1527.4,778.3333333333334,641.6666666666666,1257.2,920.5,1160.4,1946.8,1401.0,1422.5,1906.0,1121.5,1632.0,1500.0
383,0.3333333333333333,0.14583333333333334,0.3125,0.14583333333333334,0.3333333333333333,0.14583333333333334,0.0,0.16666666666666666,0.0,0.16666666666666666,0.0,0.16666666666666666,0.3333333333333333,0.3125,0.3125,0.3125,0.3333333333333333,0.3125,1.0,0.8,0.6,0.8,0.5,0.4,2378.5,2494.0,2375.0,1983.6,2053.8333333333335,2463.4,452.6666666666667,300.4,431.4,550.4,456.1666666666667,782.8,2317.5,2644.0,2075.0,2137.0,2007.5,2220.0
384,0.3125,0.3125,0.3333333333333333,0.3333333333333333,0.25,0.3333333333333333,0.0,0.0,0.0,0.0,0.0,0.0,0.3125,0.3125,0.3333333333333333,0.3333333333333333,0.25,0.3333333333333333,0.6,0.8,0.6666666666666666,0.6666666666666666,0.6666666666666666,0.8333333333333334,2129.0,1832.0,1277.3333333333333,1844.5,1719.3333333333333,1501.3333333333333,8084.2,1109.6,679.3333333333334,710.0,1329.6666666666667,617.8333333333334,1950.0,1515.0,1239.5,1650.0,1618.0,1634.0
386,0.2857142857142857,0.25,0.2857142857142857,0.2857142857142857,0.2857142857142857,0.25,0.0,0.0,0.0,0.0,0.0,0.0,0.2857142857142857,0.25,0.2857142857142857,0.2857142857142857,0.2857142857142857,0.25,0.75,0.3333333333333333,0.5,1.0,1.0,1.0,2292.75,1141.0,1585.0,1451.75,1705.25,1994.6666666666667,998.75,329.3333333333333,489.25,776.5,893.75,351.0,2339.5,1196.0,1377.0,1333.0,1669.5,1195.0
390,0.2857142857142857,0.25,0.2,0.2857142857142857,0.25,0.25,0.0,0.0,0.0,0.0,0.0,0.0,0.2857142857142857,0.25,0.2,0.2857142857142857,0.25,0.25,1.0,0.6666666666666666,1.0,0.75,0.6666666666666666,0.3333333333333333,1938.75,1961.3333333333333,1999.0,2100.25,2805.3333333333335,2227.6666666666665,710.5,635.3333333333334,443.0,456.5,603.6666666666666,417.6666666666667,1907.0,1936.0,1999.0,1962.0,2533.0,2462.0
391,0.3333333333333333,0.2857142857142857,0.3125,0.14583333333333334,0.3125,0.2857142857142857,0.0,0.0,0.0,0.16666666666666666,0.0,0.0,0.3333333333333333,0.2857142857142857,0.3125,0.3125,0.3125,0.2857142857142857,0.8333333333333334,1.0,0.8,0.6,0.8,1.0,1498.0,1374.25,1340.6,1603.8,1570.2,1801.0,787.3333333333334,1363.5,1116.4,734.4,806.0,780.0,1546.0,1253.0,1149.0,1786.0,1386.0,1652.5
392,0.14583333333333334,0.3333333333333333,0.14583333333333334,0.3333333333333333,0.2857142857142857,0.3333333333333333,0.16666666666666666,0.0,0.16666666666666666,0.0,0.0,0.0,0.3125,0.3333333333333333,0.3125,0.3333333333333333,0.2857142857142857,0.3333333333333333,1.0,0.8333333333333334,0.6,0.6666666666666666,0.75,0.5,1462.4,1800.5,1525.2,1619.0,1582.75,2024.3333333333333,1146.6,1396.0,1078.0,1327.3333333333333,344.0,1908.8333333333333,1751.0,1661.5,1391.0,1593.0,1537.0,1799.0
395,0.3333333333333333,0.3125,0.3125,0.3333333333333333,0.3333333333333333,0.2,0.0,0.0,0.0,0.0,0.0,0.0,0.3333333333333333,0.3125,0.3125,0.3333333333333333,0.3333333333333333,0.2,1.0,0.8,0.8,0.8333333333333334,1.0,0.5,2098.3333333333335,2101.4,2006.6,1611.3333333333333,2039.8333333333333,1598.5,384.6666666666667,781.0,830.6,693.0,734.6666666666666,246.5,2195.5,2008.0,1959.0,1665.5,1787.5,1598.5
396,0.16666666666666666,0.3333333333333333,0.3333333333333333,0.3125,0.3333333333333333,0.3125,0.16666666666666666,0.0,0.0,0.0,0.0,0.0,0.3333333333333333,0.3333333333333333,0.3333333333333333,0.3125,0.3333333333333333,0.3125,1.0,1.0,1.0,1.0,1.0,1.0,1968.0,1707.8333333333333,1405.8333333333333,1346.6,1536.0,1804.8,1044.6666666666667,2224.8333333333335,1386.1666666666667,559.8,931.6666666666666,1884.0,1963.5,1555.0,1317.5,1310.0,1635.0,1923.0
397,0.3333333333333333,0.3125,0.3333333333333333,0.3125,0.3333333333333333,0.3125,0.0,0.0,0.0,0.0,0.0,0.0,0.3333333333333333,0.3125,0.3333333333333333,0.3125,0.3333333333333333,0.3125,0.6666666666666666,1.0,0.6666666666666666,1.0,0.6666666666666666,0.8,1975.8333333333333,2801.6,1823.3333333333333,1909.0,1967.1666666666667,2375.8,977.3333333333334,984.2,1257.8333333333333,1045.4,1259.6666666666667,1326.0,1860.5,2577.0,1756.5,1772.0,1813.5,2158.0
398,0.3125,0.3333333333333333,0.3125,0.3333333333333333,0.2857142857142857,0.3125,0.0,0.0,0.0,0.0,0.0,0.0,0.3125,0.3333333333333333,0.3125,0.3333333333333333,0.2857142857142857,0.3125,0.4,0.6666666666666666,0.8,0.6666666666666666,0.5,0.8,1367.4,1647.3333333333333,1666.0,1153.6666666666667,1345.0,1479.2,436.4,305.5,612.4,387.1666666666667,333.0,903.2,1409.0,1410.0,1197.0,1045.5,1355.0,1424.0
